Tract,All POIs,11,21,22,23,31,32,33,42,44,45,48,49,51,52,53,54,55,56,61,62,71,72,81,92
100000,660,0,0,0,3,3,4,2,1,51,29,9,5,14,29,12,11,0,0,16,37,49,335,32,17
210100,20,0,0,0,0,0,0,0,0,1,5,1,0,0,0,0,0,0,0,0,0,0,3,5,5
210400,58,0,0,0,0,0,0,0,0,14,3,1,1,3,3,2,2,0,0,1,7,1,10,10,0
210500,72,0,0,0,0,1,0,0,0,14,3,0,0,2,2,0,1,0,0,3,5,6,19,15,1
210600,54,0,0,0,1,0,0,0,0,13,1,1,0,1,4,0,1,0,0,1,5,1,13,12,0
210700,17,0,0,0,0,0,0,0,0,3,1,0,0,0,0,1,0,0,0,0,0,1,1,10,0
210800,43,0,0,0,0,0,0,0,0,12,0,1,2,1,1,0,0,0,0,4,2,1,4,15,0
210900,16,0,0,0,0,0,0,0,1,4,0,0,0,0,0,0,0,0,0,0,2,1,0,8,0
211000,20,0,0,0,0,1,0,0,0,3,1,0,0,0,0,0,0,0,0,0,2,0,3,10,0
211100,22,0,0,0,0,0,0,0,0,8,1,0,0,0,0,0,0,0,0,1,2,2,2,6,0
211200,34,0,0,0,0,0,0,0,0,8,1,0,0,0,0,0,0,0,0,4,4,1,4,12,0
211300,64,0,0,0,0,0,0,0,0,9,1,1,0,1,1,0,1,0,0,3,11,5,6,24,1
211400,28,0,0,0,2,0,0,0,0,9,0,0,0,0,1,0,0,0,0,3,0,4,1,8,0
211500,90,0,0,0,0,1,0,0,4,31,3,2,3,0,2,0,1,0,2,4,1,3,13,14,0
211600,45,0,0,0,0,0,0,0,0,11,0,0,0,5,4,1,0,0,0,0,4,1,11,8,0
211700,48,0,0,0,0,0,0,1,1,18,2,0,0,1,0,3,1,0,0,1,1,3,3,13,0
211900,16,0,0,0,0,0,0,0,0,5,1,0,0,0,0,0,0,0,0,3,0,1,3,3,0
212300,82,0,0,0,0,5,0,0,0,15,1,1,0,4,1,0,2,0,0,6,9,14,11,12,1
212400,93,0,0,0,0,0,0,0,2,45,1,0,2,0,2,2,0,0,0,0,10,3,9,15,1
212500,65,0,0,0,1,1,0,1,1,20,2,0,0,1,2,3,0,0,1,3,5,3,9,10,2
220100,14,0,0,0,0,0,0,0,0,4,0,0,1,0,2,0,0,0,0,0,0,1,0,6,0
220200,25,0,0,0,0,0,0,0,0,3,1,0,0,0,0,0,1,0,0,2,4,0,3,10,1
220300,42,0,0,0,1,1,0,0,0,14,4,0,0,0,1,2,1,0,0,1,1,0,7,8,0
220400,50,0,0,0,2,1,0,1,0,11,2,1,0,0,3,0,2,0,0,2,2,0,8,15,0
220500,175,0,0,0,4,1,1,1,0,52,9,3,2,7,15,7,1,0,0,4,16,4,35,13,0
220600,33,0,0,0,0,0,0,0,0,8,0,1,0,1,0,1,0,0,0,2,2,0,3,15,0
220700,54,0,0,0,2,0,0,0,0,20,6,0,0,0,2,0,1,0,0,1,3,3,2,14,0
220800,41,0,0,0,0,0,0,0,1,10,4,1,1,1,3,1,0,0,0,1,1,3,3,10,1
220900,53,0,0,0,0,1,0,0,0,10,5,0,1,3,4,2,0,0,1,0,4,1,14,7,0
221000,36,0,0,0,0,0,0,0,1,15,0,0,0,0,1,0,0,0,1,2,3,1,5,7,0
221100,40,0,0,0,3,0,0,0,1,11,3,0,0,2,3,1,0,0,0,1,1,0,1,13,0
221200,64,0,0,0,3,0,1,1,0,17,4,0,1,2,4,1,2,0,0,2,3,1,10,12,0
221300,88,0,0,0,0,3,0,1,0,17,2,0,1,1,3,2,4,0,0,3,10,1,14,24,1
221400,82,0,0,0,4,0,0,0,0,30,7,1,0,4,5,1,1,0,0,4,3,0,9,12,0
221500,92,0,0,0,1,0,0,0,0,36,1,0,0,3,2,2,0,0,1,2,12,2,12,16,0
221600,185,0,0,0,8,0,0,1,1,44,15,5,3,4,7,7,4,0,0,8,9,3,24,38,0
221700,92,0,0,0,4,0,0,0,2,24,7,0,0,3,1,0,1,0,2,2,2,3,12,26,0
221800,48,0,0,0,0,0,0,1,0,15,2,0,0,4,1,2,1,0,1,0,4,1,4,11,0
221900,45,0,0,0,2,1,0,1,1,11,2,0,0,3,0,1,0,0,0,0,1,1,7,14,0
222000,54,0,0,0,1,0,0,0,0,23,2,0,0,3,2,3,1,0,0,1,7,3,5,2,0
222100,43,0,0,0,1,0,0,0,1,10,1,0,1,1,5,1,3,0,0,1,0,1,8,8,0
222200,89,0,0,0,2,2,0,1,2,24,5,1,0,3,1,6,0,0,0,4,7,4,19,8,0
222300,63,0,0,0,1,0,0,1,1,23,5,0,1,4,2,2,1,0,2,2,3,0,10,5,0
222401,134,0,0,0,3,1,0,0,2,52,6,2,0,0,1,3,0,0,1,0,0,2,24,31,0
222402,55,0,0,0,3,0,0,0,2,22,2,2,1,1,0,0,0,0,1,2,4,1,3,11,0
222501,50,0,0,0,2,0,0,0,1,13,0,0,1,2,4,3,0,0,0,2,4,2,10,3,0
222502,27,0,0,0,2,0,1,0,0,7,3,1,0,0,0,0,1,0,1,0,2,0,4,4,1
222503,75,0,0,0,3,1,0,0,1,15,5,1,0,8,2,2,1,0,0,5,3,0,15,10,0
222600,101,0,0,0,1,1,3,0,1,22,1,0,0,3,8,1,8,0,1,7,12,1,18,11,1
222700,139,0,0,0,1,1,0,5,2,37,6,1,2,2,4,2,3,0,0,10,8,6,30,18,0
222800,88,0,0,0,9,0,0,1,3,28,6,2,0,0,3,4,0,0,2,6,3,0,6,15,0
222900,64,0,0,0,4,0,1,1,1,17,1,0,1,0,1,0,2,0,0,0,5,0,12,16,2
223001,23,0,0,0,1,0,0,0,1,6,1,0,0,1,0,0,0,0,0,2,1,1,4,5,0
223002,12,0,0,0,0,0,0,0,0,3,0,0,0,0,0,1,0,0,0,0,0,0,6,2,0
223100,38,0,0,0,1,2,0,0,1,17,0,0,2,2,0,0,0,0,0,0,1,3,2,6,0
230100,17,0,0,0,0,0,0,0,0,3,0,0,2,0,0,0,0,0,0,2,1,0,2,7,0
230200,77,0,0,0,0,1,0,1,0,15,2,1,0,2,0,1,0,0,0,2,9,8,12,22,1
230300,21,0,0,0,0,0,0,0,0,7,1,0,0,0,0,0,0,0,0,1,2,0,2,8,0
230400,30,0,0,0,0,0,0,0,0,4,0,0,0,1,0,0,0,0,0,4,3,1,2,15,0
230500,57,0,0,0,1,0,0,0,0,22,3,1,0,1,1,0,2,0,0,2,5,3,2,12,0
230600,56,0,0,0,0,0,0,0,1,10,2,1,0,0,2,1,2,0,0,0,6,0,3,28,0
230700,39,0,0,0,1,0,0,0,0,9,3,0,2,1,2,0,1,0,0,3,1,1,4,11,0
230800,15,0,0,0,1,0,0,0,0,2,0,0,0,0,0,0,0,0,0,0,2,1,2,7,0
230900,42,0,0,0,2,0,0,0,0,5,2,1,0,0,0,0,1,0,0,1,2,1,3,22,1
231000,40,0,0,0,0,0,0,0,0,7,3,0,0,1,1,2,0,0,1,2,4,3,2,14,0
231100,33,0,0,0,0,0,0,1,0,12,1,1,3,0,1,0,1,0,3,0,0,2,4,4,0
231200,28,0,0,0,0,0,0,0,0,4,1,1,0,0,0,0,0,0,1,6,4,2,4,5,0
231300,51,0,0,0,0,0,0,0,0,8,4,0,1,4,0,1,1,0,0,1,5,5,4,16,1
231400,9,0,0,0,0,0,0,0,0,1,0,1,0,0,1,0,0,0,0,1,2,0,2,1,0
231500,18,0,0,0,1,0,0,0,0,5,0,0,0,0,0,0,0,0,0,0,0,2,5,5,0
231600,10,0,0,0,0,0,0,0,0,3,2,0,0,0,0,0,0,0,0,0,2,0,1,2,0
231700,63,0,0,0,2,0,0,0,1,22,4,0,1,2,2,1,1,0,0,1,0,1,11,13,1
231800,38,0,0,0,0,1,0,0,0,10,2,0,0,1,0,0,0,0,0,1,5,0,4,13,1
231900,39,0,0,0,0,1,0,0,0,10,1,0,1,1,1,0,0,0,2,1,3,3,5,10,0
232000,30,0,0,0,1,0,0,0,0,12,0,0,1,0,0,1,0,0,1,2,1,4,2,5,0
232100,37,0,0,0,1,2,1,1,1,10,0,1,0,0,0,1,0,0,1,3,3,1,5,6,0
232200,89,0,0,0,0,0,0,0,0,25,1,0,0,0,2,9,1,0,1,6,8,4,18,11,0
232301,102,0,0,0,0,0,0,1,0,27,10,0,2,5,3,2,1,0,0,5,3,3,32,8,0
232302,45,0,0,0,2,0,0,0,1,14,0,0,1,0,0,0,0,0,0,7,4,0,9,7,0
232401,104,0,0,1,0,0,0,1,0,23,9,0,0,3,3,3,0,0,0,10,8,2,29,12,0
232402,15,0,0,0,0,0,0,0,0,6,2,0,0,1,0,1,0,0,0,0,1,0,2,2,0
232403,7,0,0,0,1,0,0,0,0,1,0,0,0,0,0,0,0,0,1,0,2,0,0,2,0
232500,74,0,0,1,0,0,0,1,0,32,0,4,2,0,4,1,0,0,0,0,2,0,9,17,1
232600,67,0,0,0,1,0,0,0,1,15,4,0,1,0,3,1,0,0,0,7,4,3,19,6,1
232701,23,0,0,0,0,0,0,0,0,6,1,0,2,0,1,1,0,0,0,0,4,0,4,4,0
232702,107,0,0,0,0,0,0,1,0,24,3,1,0,5,9,3,0,0,3,3,6,7,26,12,1
232800,61,0,0,0,0,1,0,0,0,13,1,1,1,1,5,1,1,0,0,1,8,2,15,7,0
232900,64,0,0,0,0,0,0,1,0,15,3,0,0,4,5,4,2,0,0,3,4,1,14,4,2
233001,40,0,0,0,0,1,0,0,0,10,2,0,0,0,3,2,1,0,0,1,7,1,6,6,0
233002,22,0,0,0,0,0,0,0,0,7,2,0,0,0,1,1,0,0,0,2,1,1,6,1,0
233003,10,0,0,0,1,0,0,0,0,3,0,0,0,0,0,2,0,0,0,1,1,0,1,1,0
233101,46,0,0,0,0,0,0,0,0,11,2,1,0,3,6,1,0,0,0,2,2,1,10,7,0
233102,30,0,0,0,1,0,0,0,1,5,1,0,0,0,2,1,1,0,1,1,1,1,5,9,0
233103,49,0,0,0,0,0,0,0,1,18,2,0,1,0,2,0,0,0,0,1,0,3,7,13,0
233200,98,0,0,0,0,0,0,0,1,20,5,0,1,3,6,2,3,0,0,3,28,5,8,11,1
233300,102,0,0,0,1,0,0,1,3,24,6,0,0,1,2,3,1,0,1,4,10,4,24,12,0
233400,122,0,0,0,0,0,0,1,0,34,7,1,0,5,6,3,2,0,1,2,13,2,27,16,1
233500,34,0,0,0,0,0,0,0,0,9,0,0,0,0,0,0,1,0,0,1,5,2,6,10,0
233600,17,0,0,0,0,0,0,0,0,3,0,0,0,0,0,0,1,0,1,0,1,1,0,10,0
233701,30,0,0,0,0,0,0,0,0,10,2,0,1,1,0,0,0,0,0,0,3,1,8,2,2
233702,25,0,0,0,0,0,0,0,0,4,0,1,1,1,2,0,0,0,0,5,2,1,4,4,0
233703,15,0,0,0,0,0,0,0,2,3,1,1,0,0,0,0,0,0,0,0,0,1,1,5,1
240100,210,0,0,0,3,0,2,3,1,39,9,2,6,3,18,8,8,0,1,6,30,5,40,24,0
240400,88,0,0,0,7,0,1,0,3,12,5,2,2,4,5,3,1,0,0,8,3,3,16,12,1
240501,43,0,0,0,3,0,1,0,6,14,1,0,2,1,0,1,0,0,0,1,3,1,5,4,0
240502,13,0,0,0,0,0,0,0,0,1,0,2,0,1,0,1,1,0,0,0,0,0,4,3,0
240600,19,0,0,0,0,0,0,0,0,3,2,0,0,1,0,2,0,0,0,0,4,2,3,2,0
240701,78,0,0,0,3,1,0,0,0,20,9,0,0,1,1,3,0,0,0,3,5,0,19,10,1
240702,117,0,0,0,9,0,0,3,4,40,7,0,2,0,1,5,0,0,0,7,8,0,20,10,0
240801,30,0,0,0,0,0,0,0,3,14,0,0,0,0,2,1,1,0,0,1,2,3,1,2,0
240802,110,0,0,0,0,0,0,0,3,33,4,0,0,2,1,6,5,0,0,3,7,6,19,21,0
240901,27,0,0,0,0,0,0,0,0,10,0,0,1,1,0,1,0,0,0,1,2,0,6,5,0
240902,133,0,0,0,0,0,0,0,2,43,13,0,0,5,3,4,1,0,0,5,5,4,41,7,0
241000,39,0,0,0,0,1,0,0,1,9,2,0,0,0,0,1,0,0,0,4,5,6,5,5,0
241101,16,0,0,0,0,0,0,0,0,7,0,0,0,0,0,0,0,0,0,2,1,0,5,1,0
241102,47,0,0,0,0,0,0,0,0,8,2,1,0,1,4,3,0,0,0,3,8,2,8,6,1
241103,21,0,0,0,0,0,0,0,0,4,1,0,0,0,2,1,0,0,0,0,3,0,5,5,0
241200,48,0,0,0,0,0,0,0,2,8,3,0,0,0,2,1,2,0,0,3,7,0,6,13,1
241300,282,0,0,0,2,3,0,1,7,60,47,0,1,3,7,15,3,0,0,12,14,20,53,30,0
241400,44,0,0,0,3,0,0,0,0,7,2,0,1,1,1,0,0,0,1,3,4,5,9,7,0
241500,270,0,0,0,0,0,0,1,1,57,13,4,2,4,10,8,7,0,3,2,62,8,65,19,1
250100,78,0,0,0,0,1,1,2,1,22,4,1,0,0,3,6,1,0,0,3,7,4,12,7,3
250200,62,0,0,0,0,0,0,0,0,10,3,1,1,3,0,4,1,0,1,4,12,0,16,6,0
250301,88,0,0,1,0,1,0,0,0,15,4,1,1,2,4,2,1,0,0,2,12,3,21,16,2
250302,34,0,0,0,0,0,0,0,0,10,1,0,1,1,2,1,1,0,0,3,3,1,9,0,1
250401,96,0,0,0,0,1,1,0,1,15,4,0,0,0,4,7,1,0,1,2,27,3,21,7,0
250402,145,0,0,0,0,0,0,0,1,19,9,0,1,0,6,12,1,0,0,12,33,6,18,27,0
250500,129,0,0,0,1,2,0,0,2,15,18,0,0,1,2,5,1,0,0,9,13,7,35,18,0
250600,325,0,0,0,1,2,1,4,7,67,27,0,2,4,11,7,7,0,2,11,33,15,53,67,3
250701,133,0,0,0,1,2,0,1,1,42,10,0,0,1,5,9,2,0,0,1,9,5,24,20,0
250702,89,0,0,0,0,0,0,0,3,12,9,0,1,1,4,2,0,0,0,2,15,1,18,21,0
250800,42,0,0,0,0,1,0,0,0,8,4,0,0,2,4,1,2,0,0,2,5,2,6,5,0
250900,70,0,0,0,0,0,0,0,1,10,2,0,0,1,7,4,0,0,0,5,10,4,11,14,1
251000,58,0,0,0,0,0,0,0,0,3,2,0,1,1,11,3,0,0,0,1,14,5,10,7,0
251100,95,0,0,0,0,0,0,0,1,15,6,0,1,0,4,2,0,0,1,3,28,6,16,10,2
251200,108,0,0,0,0,2,1,1,1,15,13,0,0,1,12,1,6,0,0,4,21,6,7,16,1
251300,75,0,0,0,0,0,0,0,1,12,9,1,1,0,2,1,3,0,0,8,12,2,9,14,0
251401,3,0,0,0,0,0,1,0,0,0,0,0,0,0,1,0,0,0,0,0,0,0,0,1,0
251402,29,0,0,0,0,0,0,0,1,6,1,0,0,0,1,1,1,0,0,3,3,2,6,4,0
251501,17,0,0,0,0,0,0,0,1,0,1,0,0,0,0,3,0,0,0,2,2,4,2,2,0
251502,54,0,0,0,0,0,0,0,0,9,2,0,0,3,0,0,1,0,0,2,10,5,15,5,1
251503,2,0,0,0,0,0,0,0,0,0,0,0,0,0,0,0,0,0,0,1,0,0,0,1,0
251600,21,0,0,0,0,0,0,1,1,5,2,0,0,0,0,0,0,0,0,0,0,0,0,12,0
251700,104,0,0,0,2,0,0,2,1,20,8,1,1,0,4,1,1,0,0,5,4,5,20,27,2
251800,6,0,0,0,0,0,0,0,0,2,0,0,0,1,0,0,0,0,0,0,0,2,0,0,1
251901,34,0,0,0,1,0,0,0,0,10,3,2,0,0,2,1,0,0,0,2,1,1,3,7,1
251902,46,0,0,0,0,0,0,0,2,5,1,0,1,1,5,1,2,0,0,1,9,3,10,4,1
252000,85,0,0,0,1,1,0,0,1,12,1,2,0,0,5,4,0,0,0,5,15,8,17,12,1
252100,11,0,0,1,0,0,0,0,0,0,2,0,0,0,0,0,0,0,0,0,0,4,1,3,0
252200,86,0,0,0,1,0,0,1,1,21,7,0,1,1,2,1,0,0,0,4,7,2,27,9,1
252301,61,0,0,0,0,0,0,1,0,17,1,0,0,1,0,0,1,0,0,4,9,3,16,8,0
252302,46,0,0,0,0,0,0,0,0,12,1,1,0,1,2,0,0,0,0,6,5,0,7,9,2
252400,78,0,0,0,3,0,0,1,0,17,5,1,1,2,5,1,1,0,1,2,7,3,17,11,0
252500,107,0,0,0,0,0,1,2,4,35,7,0,0,4,4,5,1,0,0,1,4,2,20,14,2
252600,82,0,0,2,1,0,0,1,2,24,1,1,1,0,2,4,1,0,0,3,5,5,20,8,0
252700,158,0,0,0,0,1,1,0,2,37,12,0,1,4,6,7,3,0,0,7,11,2,32,32,0
252800,47,0,0,0,0,0,0,0,0,11,2,1,0,1,0,0,0,0,0,3,4,3,5,16,1
252900,98,0,0,0,0,0,0,1,2,23,4,0,1,1,3,1,1,0,1,3,8,9,27,13,0
253000,24,0,0,0,1,0,0,0,0,5,1,1,0,0,0,0,0,0,0,3,3,2,3,5,0
253100,73,0,0,0,0,0,0,0,0,22,5,1,0,0,2,2,0,0,0,3,6,1,24,7,0
253200,250,0,0,0,0,1,0,1,1,69,20,2,1,7,12,9,2,0,0,8,15,8,64,29,1
253300,24,0,0,0,0,0,0,0,0,7,0,0,0,0,0,1,0,0,0,2,0,4,3,7,0
253400,18,0,0,0,0,0,0,0,0,2,1,0,0,0,0,0,1,0,0,0,5,1,2,6,0
253500,97,0,0,0,0,0,0,0,0,28,11,0,0,0,5,1,2,0,0,0,19,4,21,5,1
253600,71,0,0,0,0,0,0,0,0,12,3,0,0,0,6,4,2,0,0,2,20,2,11,9,0
253700,164,0,0,0,1,2,0,1,2,29,7,1,1,2,15,7,1,0,2,4,38,3,23,25,0
253800,61,0,0,0,1,0,0,0,3,14,3,1,0,0,5,3,1,0,0,4,5,4,3,12,2
253900,61,0,0,0,1,1,0,0,1,9,6,0,0,0,3,0,1,0,0,3,18,0,8,10,0
254000,20,0,0,0,0,0,0,0,0,5,1,0,0,0,0,0,0,0,0,0,3,3,4,3,1
254100,83,0,0,0,1,0,0,1,0,26,1,0,0,2,4,2,0,0,0,0,12,2,16,14,0
254200,28,0,0,0,0,1,0,0,0,4,2,0,0,0,2,1,0,0,0,1,1,2,5,9,0
254300,119,0,0,0,1,1,0,0,0,29,7,1,0,2,3,3,4,0,2,1,12,4,23,26,0
254400,41,0,0,0,1,1,0,0,0,5,1,0,0,1,1,1,1,0,0,6,4,2,3,14,0
254500,29,0,0,0,0,0,0,0,0,4,1,0,1,0,0,1,0,0,0,0,2,7,7,5,1
254600,22,0,0,0,0,0,0,0,0,6,0,0,0,0,0,0,2,0,0,3,1,4,1,5,0
254700,26,0,0,0,0,0,0,0,0,3,3,1,0,0,0,1,1,0,1,2,4,2,6,2,0
310100,144,0,0,0,0,5,0,1,0,24,10,2,0,1,3,1,0,0,0,2,11,18,47,18,1
310200,83,0,0,0,1,3,1,1,0,22,6,1,2,0,1,1,1,0,0,4,5,8,16,10,0
310300,50,0,0,0,0,1,1,1,0,8,7,0,0,0,1,1,0,0,0,4,2,8,8,7,1
310400,37,0,0,0,0,0,0,0,1,10,1,0,0,0,0,0,1,0,0,5,1,3,7,5,2
310500,58,0,0,0,0,1,1,0,0,21,1,2,0,1,4,0,2,0,1,2,2,3,8,9,0
310600,41,0,0,0,0,0,0,2,0,7,2,0,1,0,1,0,1,0,0,2,2,5,7,11,0
310700,54,0,0,0,0,0,0,0,0,7,3,1,0,2,6,0,1,0,0,4,9,3,10,8,0
310800,42,0,0,0,0,0,0,0,0,12,2,0,1,0,5,1,1,0,0,1,5,2,9,3,0
310900,100,0,0,0,0,0,0,0,1,24,5,1,0,4,7,3,2,0,0,3,10,0,26,10,0
311000,60,0,0,0,0,0,0,0,0,18,3,0,0,0,1,0,0,0,0,2,3,2,14,14,1
311100,46,0,0,0,0,1,1,0,0,10,0,2,0,0,1,0,0,0,0,1,1,1,15,12,1
311200,65,0,0,0,0,0,0,1,0,25,5,0,0,2,6,1,0,0,1,0,6,3,7,8,0
311300,38,0,0,0,0,0,0,0,0,9,1,0,0,0,2,0,1,0,0,3,6,1,10,4,0
311400,45,0,0,0,2,0,0,0,0,13,1,1,1,1,2,0,1,0,0,2,0,4,5,10,1
311500,42,0,0,0,0,0,0,0,0,10,3,0,0,0,0,0,1,0,0,3,1,4,11,9,0
311600,11,0,0,0,0,0,0,0,0,2,1,0,0,0,0,0,0,0,0,3,2,2,1,0,0
311700,141,0,0,0,1,1,0,1,2,47,11,0,1,7,8,2,3,0,0,3,8,4,29,12,0
311800,46,0,0,0,0,0,0,1,0,20,3,0,1,0,1,0,2,0,0,0,2,3,5,7,1
311900,62,0,0,0,0,2,0,0,2,18,5,0,0,3,4,2,0,0,0,1,4,3,13,5,0
312000,30,0,0,0,0,0,0,0,0,5,0,0,0,0,0,0,0,0,0,3,3,2,12,5,0
312100,37,0,0,0,0,0,0,1,0,2,1,0,0,1,0,0,0,0,0,6,1,5,18,2,0
312200,27,0,0,0,0,0,0,0,0,4,0,0,0,0,0,1,0,0,0,2,2,1,7,10,0
312300,35,0,0,0,0,1,0,0,0,4,1,0,0,0,2,0,0,0,0,2,1,7,1,15,1
312400,43,0,0,0,0,2,0,0,0,8,2,0,0,0,1,1,0,0,0,2,4,3,6,14,0
312500,160,0,0,0,0,3,1,1,0,28,16,2,1,2,4,6,0,0,0,5,24,15,31,18,3
312600,211,0,0,0,0,1,1,0,1,18,19,1,2,1,4,4,1,0,0,9,71,16,30,32,0
312700,40,0,0,0,0,1,0,0,0,10,3,0,0,0,1,0,2,0,0,0,8,3,4,8,0
312800,24,0,0,0,0,0,1,0,0,3,1,0,0,0,0,0,0,0,0,3,0,4,8,3,1
312900,18,0,0,0,0,0,0,0,0,4,0,0,0,0,0,0,0,0,0,3,3,0,2,6,0
313000,53,0,0,0,0,2,0,0,0,8,0,0,0,0,5,1,1,0,0,3,6,3,11,12,0
313100,59,0,0,0,0,0,0,0,0,3,1,0,0,0,2,1,1,0,0,2,25,13,10,1,0
313200,83,0,0,0,0,1,0,0,0,21,2,0,0,0,5,3,2,0,0,5,11,2,18,10,1
313300,33,0,0,0,0,0,0,0,0,5,2,0,0,1,0,0,1,0,0,4,3,3,4,10,0
313400,56,0,0,0,0,0,1,0,1,14,4,0,1,4,6,4,1,0,0,2,4,2,3,9,0
313500,39,0,0,0,1,0,0,0,0,10,2,0,0,1,0,0,0,0,0,2,2,0,4,16,0
313600,63,0,0,0,0,0,0,0,2,18,5,0,0,2,3,1,2,0,0,3,2,1,5,18,1
313700,42,0,0,0,0,0,0,0,0,8,2,0,1,0,4,1,0,0,0,1,2,1,12,10,0
313800,27,0,0,0,0,0,0,0,0,7,2,0,0,0,0,0,0,0,1,1,4,2,3,7,0
313900,83,0,0,0,0,0,0,1,1,17,3,1,2,0,1,3,1,0,0,1,16,4,17,15,0
314001,41,0,0,0,0,1,0,0,0,8,1,0,0,0,1,0,0,0,0,0,18,0,6,5,1
314002,74,0,0,0,0,0,0,0,1,17,2,1,0,0,2,4,0,0,0,1,29,2,8,7,0
314300,152,0,0,0,0,0,0,0,2,31,13,1,0,4,10,2,2,0,0,11,22,2,41,11,0
314400,47,0,0,0,1,1,0,0,0,4,0,0,1,1,2,1,0,0,0,0,16,4,13,2,0
320100,35,0,0,0,0,0,0,0,0,12,0,0,0,1,3,1,1,0,0,0,5,1,5,6,0
320200,42,0,0,0,1,0,0,0,1,9,0,0,0,2,6,0,0,0,1,2,3,6,5,6,0
320500,25,0,0,0,0,0,0,0,0,5,2,1,0,0,0,2,0,0,0,1,0,3,5,5,0
320601,21,0,0,0,1,0,0,0,0,7,1,0,0,1,0,1,0,0,0,1,2,1,3,2,0
320602,42,0,0,0,1,1,0,0,0,8,2,1,0,1,5,1,0,0,0,1,6,2,11,0,1
320700,55,0,0,0,0,0,0,1,2,15,2,0,1,2,1,3,0,0,1,3,3,0,9,8,1
320800,125,0,0,0,1,0,1,3,2,40,2,1,1,1,2,1,2,0,0,4,4,2,19,34,1
320900,47,0,0,0,0,1,0,0,0,14,1,0,0,0,3,3,1,0,1,1,2,2,13,4,0
321000,73,0,0,0,0,0,0,0,1,28,6,1,0,1,2,1,1,0,0,2,3,1,13,9,1
321100,105,0,0,0,1,0,1,1,0,25,1,1,2,2,4,1,2,0,3,4,21,5,15,13,0
321200,25,0,0,0,0,0,0,0,0,5,3,0,0,1,1,3,0,0,0,3,1,0,7,1,0
321300,23,0,0,0,1,0,0,0,0,5,1,0,0,1,1,0,0,0,0,1,0,0,10,3,0
321401,60,0,0,0,0,1,0,0,0,21,0,0,0,0,5,1,0,0,1,1,0,3,8,9,1
321402,9,0,0,0,0,0,0,0,0,3,0,0,0,0,0,0,0,0,0,1,0,1,2,2,0
321500,69,0,0,0,0,0,0,0,0,18,5,0,1,5,5,6,1,0,0,2,6,1,16,3,0
321600,68,0,0,0,0,2,0,0,0,10,9,0,1,2,4,2,3,0,0,2,8,4,8,12,0
321700,40,0,0,0,1,0,0,0,0,16,1,0,0,0,0,1,0,0,0,2,2,1,9,7,0
321800,17,0,0,0,0,0,0,0,0,5,1,0,0,0,0,0,0,0,0,0,1,1,2,7,0
321900,50,0,0,0,0,0,0,0,0,15,1,0,0,1,2,3,1,0,0,2,2,3,9,11,0
322000,14,0,0,0,0,0,0,0,0,3,0,0,0,1,2,0,0,0,0,0,1,1,5,1,0
322100,99,0,0,0,0,3,0,0,2,27,6,1,0,3,10,4,1,0,1,4,9,1,15,11,0
322200,16,0,0,0,1,0,0,0,0,2,0,0,0,0,0,0,0,0,0,3,3,2,0,5,0
322600,25,0,0,0,1,0,0,0,0,6,0,0,0,0,1,0,0,0,0,5,5,3,3,1,0
322700,20,0,0,0,1,0,0,0,1,4,0,0,0,0,1,0,0,0,0,1,0,0,5,6,0
322800,49,0,0,0,0,0,0,0,1,19,2,0,0,2,5,1,1,0,0,1,2,1,7,6,1
322900,22,0,0,0,1,0,0,0,0,5,1,1,0,1,1,0,0,0,0,2,1,4,4,1,0
323000,35,0,0,0,1,0,0,0,0,7,1,0,1,2,4,0,0,0,0,1,1,0,8,6,3
323100,46,0,0,0,0,0,0,1,1,13,3,0,0,0,2,3,0,0,0,6,2,2,4,8,1
323200,41,0,0,0,1,0,0,0,1,6,4,0,0,2,0,0,2,0,0,1,6,0,8,9,0
323300,95,0,0,0,2,0,0,0,0,18,8,1,0,3,8,1,3,0,0,3,18,3,7,18,1
323400,34,0,0,0,0,0,0,0,0,5,1,0,0,1,8,2,0,0,0,1,4,2,5,5,0
323500,67,0,0,0,0,1,0,0,0,24,1,2,0,1,3,3,2,0,1,1,4,3,10,8,0
323600,126,0,0,0,2,1,0,0,1,18,5,0,0,1,6,2,3,0,1,6,34,6,11,27,1
323701,78,0,0,0,0,0,0,0,0,13,0,0,0,0,2,2,1,0,0,2,36,2,9,7,0
323702,42,0,0,0,0,0,1,0,0,3,2,0,0,1,1,1,0,0,0,1,13,0,6,9,0
323801,56,0,0,0,1,0,0,0,1,9,1,0,0,1,1,1,1,0,0,4,13,1,8,13,0
323802,48,0,0,0,0,0,0,0,1,7,3,0,0,0,5,1,0,0,0,5,8,1,10,7,0
323900,48,0,0,0,2,1,0,0,1,14,1,0,0,0,1,1,2,0,0,2,0,1,7,11,1
324000,191,0,0,0,1,0,0,0,2,36,6,0,1,1,6,10,2,0,1,6,39,8,41,29,0
324100,67,0,0,2,0,0,0,0,4,15,1,1,0,0,3,2,1,0,0,2,7,5,12,11,1
324200,11,0,0,1,1,0,0,0,0,4,0,0,0,0,0,0,0,0,1,0,0,1,1,2,0
330100,16,0,0,0,1,0,1,0,0,4,2,0,0,0,0,0,0,0,1,1,0,1,2,2,1
330200,64,0,0,1,0,0,0,0,0,21,2,0,0,2,3,2,2,0,0,2,8,1,10,9,1
330301,28,0,0,0,0,0,1,0,0,10,1,0,1,0,0,0,0,0,1,2,2,1,8,1,0
330302,66,0,0,0,0,0,0,1,0,16,3,0,0,0,1,1,1,0,0,4,10,2,9,18,0
330303,79,0,0,0,1,0,0,0,0,18,3,0,0,2,0,2,2,0,1,3,6,2,12,24,0
330400,58,0,0,0,1,1,0,0,0,10,2,1,1,0,0,1,0,0,0,2,7,3,7,21,1
330500,36,0,0,0,0,0,0,0,1,6,1,1,0,0,1,0,0,0,1,1,3,1,6,13,0
330600,73,0,0,0,0,1,0,0,0,19,3,2,1,4,2,1,0,0,0,2,12,3,17,6,0
330700,37,0,0,0,0,0,0,0,2,13,1,0,0,1,0,0,2,0,0,3,0,0,5,7,0
330800,136,0,0,0,3,1,1,3,5,27,7,1,0,1,2,20,1,0,0,3,12,8,21,20,0
330900,41,0,0,0,0,1,0,2,1,9,1,1,0,0,0,0,1,0,0,1,1,6,6,10,0
331100,42,0,0,0,0,0,0,0,1,6,0,0,0,0,1,0,0,0,0,1,4,2,6,21,0
331200,58,0,0,0,1,0,0,0,0,10,2,0,0,2,2,0,0,0,0,2,4,1,10,24,0
331300,29,0,0,0,1,0,0,0,0,4,1,0,0,0,1,0,0,0,0,1,0,1,3,17,0
331400,26,0,0,0,0,0,0,0,0,8,1,0,1,2,0,1,0,0,0,3,3,1,4,2,0
331500,57,0,0,0,0,0,0,0,0,18,3,0,0,1,0,0,0,0,0,7,10,1,2,14,1
331601,20,0,0,0,0,0,0,0,0,5,0,0,0,2,0,0,0,0,0,1,3,3,2,3,0
331602,16,0,0,0,0,0,0,0,1,6,1,0,0,0,0,0,0,0,0,2,1,0,2,3,0
331700,28,0,0,0,0,0,0,0,1,6,1,1,0,0,0,0,0,0,0,1,1,0,1,16,0
331800,38,0,0,0,0,0,0,0,0,10,0,0,0,0,0,1,0,0,0,1,4,2,7,13,0
331900,24,0,0,0,0,0,0,0,0,8,1,1,0,0,0,0,0,0,0,0,3,0,4,7,0
332000,34,0,0,0,0,0,0,0,0,9,1,0,0,2,0,0,0,0,0,4,4,3,1,9,1
332100,19,0,0,0,0,0,0,0,1,3,0,0,0,1,1,0,0,0,0,0,1,1,5,5,0
332200,34,0,0,0,0,0,0,0,0,9,2,0,1,0,0,1,3,0,0,2,3,2,0,11,0
332300,7,0,0,0,0,0,0,0,0,3,0,1,0,0,1,0,0,0,0,0,1,0,0,1,0
332400,30,0,0,0,0,0,0,0,0,6,2,0,0,1,0,1,0,0,0,3,4,3,4,5,1
332500,29,0,0,0,0,0,0,0,0,3,1,0,1,0,1,0,0,0,0,2,4,2,0,15,0
332600,49,0,0,0,0,0,0,1,0,9,6,0,0,2,3,2,1,0,0,6,3,1,7,6,0
332700,61,0,0,0,1,0,0,3,0,19,0,0,0,1,0,0,0,0,1,1,2,1,7,24,1
332800,44,0,0,0,2,0,0,0,0,17,2,0,0,0,5,2,1,0,0,0,2,1,3,8,0
332900,61,0,0,0,0,1,0,0,0,20,2,0,0,3,4,0,0,0,0,2,4,0,10,13,0
333000,56,0,0,0,1,0,0,0,0,12,4,0,1,1,6,0,0,0,0,0,9,1,13,8,0
333100,50,0,0,0,0,0,0,0,1,12,2,0,0,2,6,2,0,0,0,0,10,1,6,7,0
333201,30,0,0,0,0,0,0,0,0,13,0,0,0,3,2,2,0,0,0,0,3,0,7,0,0
333202,40,0,0,0,0,0,0,0,0,4,0,0,0,0,3,1,1,0,0,1,4,1,18,6,0
333300,127,0,0,0,0,0,0,3,1,31,13,2,0,5,7,5,0,0,1,3,6,1,25,22,0
333500,53,0,0,0,1,1,0,0,0,15,3,0,0,2,2,1,1,0,0,4,4,0,10,9,0
333600,32,0,0,0,0,0,0,0,0,8,0,0,1,1,0,1,0,0,1,2,1,3,10,3,0
333700,32,0,0,0,0,0,1,0,0,13,2,0,0,0,2,0,0,0,0,1,1,0,2,9,0
333800,69,0,0,0,0,1,0,0,0,24,3,1,0,2,3,1,0,0,0,3,1,2,14,11,1
333901,43,0,0,0,2,0,0,0,0,10,3,0,0,2,3,1,0,0,0,2,3,0,9,8,0
333902,127,0,0,0,2,0,0,2,1,44,10,0,1,3,3,8,0,0,0,3,10,5,22,10,0
334001,79,0,0,0,0,0,0,0,0,17,4,0,1,2,2,6,1,0,0,4,4,3,23,10,0
334002,47,0,0,0,0,0,0,0,0,8,3,1,1,2,3,1,0,0,0,0,3,1,18,1,0
334003,42,0,0,0,0,0,0,0,0,13,4,0,0,2,1,0,2,0,0,3,2,1,8,3,1
334100,173,0,0,0,0,0,0,2,4,51,13,5,1,0,1,3,1,0,0,7,39,11,15,15,2
340100,73,0,0,0,1,1,1,2,7,21,6,1,0,0,0,1,0,0,1,1,5,1,10,11,3
340201,51,0,0,0,0,0,0,1,0,14,1,2,0,0,1,2,0,0,0,0,12,5,9,3,1
340202,42,0,0,0,0,0,0,0,0,6,3,0,0,0,4,1,0,0,0,1,9,4,6,8,0
340203,15,0,0,0,0,0,0,0,0,2,0,0,0,2,0,0,2,0,0,2,1,0,2,2,2
340301,12,0,0,0,0,0,0,0,0,2,0,0,0,0,1,0,2,0,0,1,1,1,1,2,1
340302,7,0,0,0,0,0,0,0,0,0,0,0,0,0,0,0,0,0,0,2,3,1,0,1,0
340400,52,0,0,0,0,0,0,0,0,11,3,0,0,0,6,3,2,0,0,3,7,4,11,1,0
340500,46,0,0,0,1,0,0,0,0,8,1,0,0,2,1,1,0,0,0,2,4,5,9,11,1
340600,12,0,0,0,1,1,0,0,0,1,1,0,1,0,0,0,1,0,0,1,1,1,3,0,0
340700,61,0,0,0,1,0,0,1,1,6,2,1,1,0,2,0,1,0,0,2,14,1,14,14,0
340800,59,0,0,0,0,0,0,0,0,7,2,0,0,0,6,8,1,0,0,2,17,2,4,6,0
340900,106,0,0,0,3,1,0,0,1,26,5,1,1,0,1,3,0,0,0,1,14,6,20,22,1
341000,113,0,0,0,0,1,0,0,0,22,5,0,0,2,4,4,0,0,0,0,22,5,45,3,0
341100,413,0,0,0,2,7,0,1,3,48,27,0,2,3,13,9,9,0,2,3,157,12,57,55,1
341201,98,0,0,1,1,2,0,0,2,15,9,0,0,2,0,5,0,0,1,5,3,7,25,17,1
341202,134,0,0,0,1,4,1,0,1,16,4,0,1,2,7,6,0,0,0,3,31,11,36,9,1
341301,44,0,0,1,0,0,0,0,1,5,5,0,0,0,3,1,0,0,0,2,6,3,8,6,1
341302,145,0,0,0,1,2,1,0,2,18,5,0,0,0,20,3,4,0,0,5,48,6,18,12,0
341400,41,0,0,0,0,0,0,0,1,11,2,0,2,0,1,1,2,0,0,1,1,7,6,4,2
341501,28,0,0,0,0,2,0,0,0,4,2,0,0,0,1,0,1,0,0,2,2,4,7,2,1
341502,80,0,0,0,0,0,0,0,1,16,6,3,0,0,3,4,2,0,0,1,4,10,24,6,0
341600,99,0,0,0,1,0,0,0,0,25,11,0,0,1,2,3,0,0,0,4,5,16,16,13,2
341700,13,0,0,0,0,0,0,0,0,1,1,0,0,0,0,0,0,0,0,2,1,3,0,3,2
341800,14,0,0,0,0,0,0,0,1,3,0,0,0,0,0,0,0,0,0,0,0,2,5,2,1
342001,17,0,0,0,0,0,0,0,1,3,0,0,0,0,0,2,0,0,0,3,0,3,2,3,0
342002,92,0,0,0,0,2,0,0,1,27,11,0,0,2,1,3,0,0,0,0,16,3,16,9,1
342100,125,0,0,0,0,0,0,0,1,20,15,0,3,3,12,4,0,0,0,3,16,2,25,20,0
342200,71,0,0,0,0,0,0,1,1,22,1,0,0,2,2,2,1,0,1,0,4,7,17,9,0
342300,73,0,0,0,0,2,0,0,0,3,7,0,1,0,5,0,2,0,0,2,14,3,15,19,0
342400,43,0,0,0,0,0,0,1,5,14,1,0,0,0,4,4,0,0,0,0,3,2,6,3,0
342500,104,0,0,0,4,0,0,1,3,25,4,0,0,1,6,8,2,0,0,3,13,8,14,11,1
342700,85,0,0,0,1,3,0,0,1,8,2,0,1,1,9,1,1,0,0,6,9,4,23,14,1
342800,31,0,0,0,0,0,0,0,3,3,1,0,0,0,3,1,0,0,0,1,5,10,4,0,0
342900,105,0,0,0,0,0,0,0,0,15,13,0,2,3,1,6,1,0,0,3,11,9,29,11,0
343000,94,0,0,0,0,0,0,0,0,19,5,0,0,1,5,0,3,0,0,5,13,5,22,13,0
343100,18,0,0,0,0,0,0,0,1,3,0,0,0,0,0,0,2,0,0,2,2,3,1,3,1
343200,37,0,0,0,0,0,0,0,0,9,3,1,0,0,2,0,2,0,0,1,6,2,5,6,0
343301,28,0,0,0,0,0,0,0,0,8,1,1,0,0,1,2,2,0,0,2,1,3,4,3,0
343302,26,0,0,0,0,1,0,0,1,2,0,1,2,0,0,0,0,0,0,1,3,4,8,2,1
343600,87,0,0,4,0,0,1,0,2,12,5,0,0,0,3,5,0,0,0,8,11,14,9,12,1
343700,172,0,0,1,0,1,0,0,3,42,17,2,1,2,9,5,2,0,1,2,12,5,45,21,1
350100,83,0,0,0,1,1,0,0,1,13,2,0,1,1,2,3,2,0,0,6,20,8,18,4,0
350200,40,0,0,0,1,0,0,0,0,8,1,0,0,0,1,4,0,0,0,4,8,2,5,6,0
350300,19,0,0,0,0,0,0,0,1,5,1,0,0,1,1,0,0,0,0,0,2,1,2,4,1
350400,49,0,0,0,0,0,0,0,0,10,4,0,0,0,2,1,0,0,0,2,7,2,11,6,0
350500,120,0,0,0,0,1,0,0,2,22,4,1,0,0,3,3,2,0,0,6,49,1,16,7,0
350601,185,0,0,0,1,3,0,0,2,65,14,1,0,3,5,4,2,0,0,3,10,12,36,23,0
350602,24,0,0,0,0,2,0,0,1,7,2,0,0,0,0,2,0,0,0,3,1,2,1,3,0
350700,10,0,0,0,0,0,0,0,0,2,1,0,0,0,0,0,0,0,0,1,0,1,2,3,0
350801,45,0,0,0,0,0,0,0,0,7,4,1,0,0,3,2,0,0,0,2,5,7,8,5,1
350802,154,0,0,0,2,0,0,3,1,43,17,0,0,1,6,9,0,0,0,3,9,10,39,10,1
410100,63,0,0,0,0,1,0,0,0,2,2,1,0,1,2,2,1,0,0,3,9,7,18,13,1
410200,92,0,0,0,1,1,0,0,0,13,4,2,0,0,0,0,2,0,0,2,11,10,23,23,0
410300,155,0,0,0,0,1,1,1,0,37,6,0,3,2,4,5,1,0,1,2,12,19,33,26,0
410401,65,0,0,0,0,3,0,0,0,11,3,0,0,0,1,1,0,0,0,0,8,2,21,15,0
410402,74,0,0,0,0,1,0,0,0,9,15,0,0,0,1,0,0,0,0,2,6,9,28,3,0
410500,98,0,0,0,0,0,1,0,0,11,11,0,0,0,1,1,4,0,0,1,2,9,44,13,0
410600,169,0,0,0,0,2,1,1,0,19,8,2,1,4,5,4,2,0,0,6,8,9,87,10,0
410701,136,0,0,0,0,1,1,0,0,14,13,1,0,0,3,3,2,0,0,7,22,8,45,15,1
410702,64,0,0,0,1,1,0,0,0,7,2,0,0,1,2,1,3,0,1,5,9,10,7,13,1
410800,129,0,0,0,0,1,0,0,1,22,13,0,1,0,2,2,2,0,0,4,19,6,30,25,1
410900,80,0,0,0,1,0,0,0,0,8,6,0,1,0,3,0,1,0,0,1,12,12,27,8,0
411000,234,0,0,0,3,3,0,0,1,39,33,0,3,0,8,9,4,0,2,4,28,4,66,24,0
411100,33,0,0,0,0,1,0,1,0,12,3,0,0,0,2,1,0,0,1,1,2,2,4,3,0
411200,7,0,0,0,0,0,0,0,0,0,0,0,0,0,0,0,0,0,0,0,0,7,0,0,0
411300,215,0,0,0,0,1,3,0,0,43,7,0,1,2,19,11,10,0,1,4,56,9,37,9,2
411400,65,0,0,0,0,0,0,0,0,27,4,0,0,2,2,1,0,0,1,3,2,5,11,5,0
411501,217,0,0,0,1,1,1,1,1,38,14,0,2,1,11,3,4,0,0,4,66,7,38,16,1
411502,261,0,0,0,2,3,2,1,1,39,19,0,1,0,35,1,8,0,0,9,50,15,42,27,3
411600,47,0,0,0,2,0,1,0,0,7,3,0,0,0,0,6,0,0,0,1,3,1,12,11,0
411700,51,0,0,0,0,0,0,0,0,6,3,1,0,0,3,0,0,0,1,4,10,11,4,6,1
411800,279,0,0,0,0,6,1,1,2,50,19,0,3,2,17,5,4,0,1,6,55,16,58,26,0
411900,70,0,0,0,0,0,0,0,0,7,3,0,0,0,0,0,3,0,0,6,19,15,3,13,0
412000,249,0,0,0,2,3,1,0,1,65,19,0,3,3,7,4,7,0,0,8,35,9,53,25,0
412100,20,0,0,0,0,0,0,0,0,0,1,0,0,1,0,0,1,0,0,1,0,6,10,0,0
412200,164,0,0,0,0,3,0,0,0,19,10,0,0,0,8,3,0,0,1,8,55,9,30,15,0
412300,39,0,0,0,0,1,0,0,0,6,1,0,0,2,3,0,1,0,0,0,4,2,10,7,0
412400,49,0,0,0,0,0,0,0,0,4,1,0,1,1,3,0,0,0,0,3,11,8,8,8,1
412500,65,0,0,0,0,1,0,1,0,6,4,0,0,1,1,1,0,0,0,4,5,4,13,19,1
412600,25,0,0,0,0,0,0,0,0,1,1,0,0,0,4,1,1,0,0,0,8,5,4,0,0
412700,114,0,0,0,0,0,0,0,1,5,1,1,0,0,11,13,1,0,0,11,48,6,4,12,0
412800,19,0,0,0,0,0,0,0,0,0,0,0,0,1,0,0,1,0,0,1,6,4,0,6,0
412900,57,0,0,0,1,1,1,0,0,12,5,0,1,0,4,2,1,0,0,2,9,3,10,5,0
413000,36,0,0,0,0,0,0,0,1,3,5,2,0,1,0,2,1,0,0,5,3,5,2,5,1
413100,9,0,0,0,0,0,0,0,0,2,0,0,0,0,0,0,1,0,0,1,2,0,0,3,0
413201,22,0,0,0,1,0,0,0,1,3,2,0,0,0,0,0,0,0,0,0,5,1,7,2,0
413202,39,0,0,0,0,0,0,0,0,4,0,0,0,0,0,1,0,0,0,1,8,0,3,21,0
413300,107,0,0,0,0,2,0,0,1,21,4,2,2,4,3,3,3,0,0,2,15,3,27,10,0
420100,31,0,0,0,0,0,0,0,1,6,1,0,0,0,0,1,1,0,0,6,3,1,6,5,0
420200,23,0,0,0,0,1,0,0,0,5,4,1,0,0,0,0,0,0,0,2,2,2,2,4,0
420300,58,0,0,0,0,0,0,0,0,16,4,0,0,1,3,1,1,0,0,3,7,2,13,3,0
420400,13,0,0,0,0,0,0,0,2,2,3,0,0,0,0,0,0,0,0,1,2,0,2,1,0
420500,23,0,0,0,0,0,1,0,0,4,1,0,1,0,0,0,1,0,0,2,2,2,2,6,0
420600,44,0,0,0,0,0,0,0,0,11,3,0,0,1,0,2,3,0,0,1,7,1,7,8,0
420700,17,0,0,0,0,0,0,0,0,2,0,0,0,0,1,0,0,0,0,3,2,2,2,5,0
420800,91,0,0,0,0,0,0,0,0,30,10,0,1,1,2,2,0,0,0,4,12,2,19,6,0
420900,92,0,0,0,0,1,1,0,0,12,4,0,1,3,9,2,0,0,0,9,14,6,16,10,2
421000,189,0,0,0,0,0,0,1,0,32,13,0,3,0,19,3,3,0,0,4,65,10,21,14,1
421101,48,0,0,0,0,2,1,0,1,7,5,0,0,2,0,0,1,0,0,3,3,5,10,8,0
421102,68,0,0,0,0,0,0,0,0,20,3,1,0,2,3,3,0,0,2,4,8,1,9,9,0
421201,10,0,0,0,0,0,0,0,0,5,2,0,0,0,0,1,0,0,0,0,1,0,0,1,0
421202,75,0,0,0,0,1,1,1,0,14,2,1,0,3,7,1,4,0,0,2,15,0,14,9,0
421300,110,0,0,0,1,0,0,2,0,29,4,1,1,1,5,2,1,0,0,10,27,1,12,11,1
421401,31,0,0,0,0,2,0,0,0,10,0,0,0,1,1,0,0,0,0,0,1,0,14,2,0
421402,0,0,0,0,0,0,0,0,0,0,0,0,0,0,0,0,0,0,0,0,0,0,0,0,0
421403,63,0,0,0,0,0,0,0,0,16,1,1,0,2,4,2,2,0,1,2,4,1,13,12,1
421500,130,0,0,0,0,1,1,0,3,27,5,0,0,2,4,1,2,0,0,5,25,7,17,21,2
421600,157,0,0,0,3,3,1,1,6,32,10,0,0,2,11,5,2,0,0,3,10,5,17,45,0
421700,66,0,0,0,0,0,0,0,0,13,4,1,0,4,2,1,1,0,0,11,5,2,11,11,0
421800,31,0,0,0,0,0,0,0,1,9,0,0,1,0,2,2,0,0,0,3,2,2,4,4,0
421900,28,0,0,0,0,0,0,0,1,4,1,0,0,0,0,0,1,0,0,2,6,3,8,2,0
422000,11,0,0,0,0,0,0,0,0,1,0,0,0,0,1,1,1,0,0,1,1,1,0,4,0
422100,33,0,0,0,0,0,0,0,1,10,2,0,0,3,1,0,0,0,0,2,1,2,5,5,1
422200,46,0,0,0,1,0,0,0,0,11,2,3,0,1,1,1,0,0,0,3,8,1,2,12,0
422301,11,0,0,0,0,0,0,0,0,3,2,0,0,0,0,0,0,0,0,0,2,0,3,1,0
422302,2,0,0,0,0,0,0,0,0,0,0,0,0,0,0,0,1,0,0,0,0,0,0,1,0
422401,21,0,0,0,0,0,0,0,0,5,5,0,0,0,1,0,1,0,0,1,3,1,2,2,0
422402,10,0,0,0,2,0,0,0,0,4,0,0,0,0,0,0,0,0,0,1,1,0,1,1,0
422500,65,0,0,0,3,1,0,0,0,7,6,1,0,0,4,1,2,0,2,8,12,1,7,10,0
422600,54,0,0,0,0,1,0,0,0,11,4,0,0,0,2,0,3,0,0,3,9,1,10,8,0
422701,41,0,0,0,0,0,0,0,0,12,3,0,0,1,1,2,1,0,0,6,2,4,4,3,0
422702,4,0,0,0,0,0,0,0,0,1,2,0,0,0,0,0,0,0,0,0,1,0,0,0,0
422800,108,0,0,0,1,0,0,0,0,13,4,1,1,1,1,0,0,0,1,4,57,6,10,8,0
422900,102,0,0,0,0,1,2,1,0,22,2,1,0,2,9,1,3,0,0,3,31,3,16,4,1
423000,36,0,0,0,1,1,0,0,0,10,2,0,0,1,2,1,0,0,0,2,3,6,2,5,0
423100,79,0,0,0,0,0,0,3,1,24,1,1,0,4,3,6,1,0,1,0,4,1,4,21,0
423201,14,0,0,0,0,0,0,0,0,6,0,1,0,0,0,0,0,0,0,0,2,0,1,4,0
423202,41,0,0,0,0,0,0,0,0,11,3,0,1,2,5,2,1,0,0,1,3,0,2,7,0
423301,42,0,0,0,0,0,0,0,0,13,2,0,0,3,2,1,1,0,0,0,4,0,4,8,0
423302,88,0,0,0,0,1,0,1,2,26,6,0,0,5,5,2,1,0,0,2,8,2,11,15,1
423401,44,0,0,0,0,0,0,0,0,8,3,0,0,2,0,2,2,0,0,6,6,0,7,8,0
423402,27,0,0,0,0,0,0,0,0,8,1,0,0,0,0,1,0,0,0,2,1,1,3,9,1
423500,14,0,0,0,0,0,0,0,1,5,1,0,0,0,0,0,0,0,0,0,0,2,2,3,0
423600,50,0,0,0,3,1,0,0,3,13,3,1,0,1,1,1,1,0,0,2,4,3,3,9,1
430100,79,0,0,0,2,0,1,0,0,15,4,0,2,0,4,4,5,0,1,2,10,7,13,7,0
430200,3,0,0,0,0,0,0,0,0,1,0,0,0,0,0,0,0,0,0,0,2,0,0,0,0
430300,26,0,0,0,0,0,0,0,0,8,1,1,0,0,1,0,1,0,1,1,6,0,2,4,0
430400,16,0,0,0,0,0,0,0,0,1,0,0,0,1,2,0,0,0,0,3,6,2,0,1,0
430500,192,0,0,0,0,0,0,0,2,20,11,0,1,2,30,6,3,0,1,14,56,6,26,10,3
430600,16,0,0,0,0,0,0,0,0,0,0,0,0,0,2,0,0,0,0,2,6,1,0,5,0
430700,200,0,0,0,0,4,0,0,1,85,24,0,1,1,17,5,7,0,0,2,10,3,36,4,0
430800,399,0,0,0,2,2,0,0,1,73,20,0,2,4,26,12,4,0,1,9,136,16,74,16,0
430900,31,0,0,0,0,0,0,0,0,1,0,1,0,0,2,0,1,0,0,1,4,3,7,11,0
431000,37,0,0,0,1,0,0,0,1,7,0,0,0,0,2,1,0,0,1,2,8,2,4,3,2
431101,62,0,0,0,1,0,0,0,1,14,1,0,1,0,4,2,2,0,1,1,23,0,6,5,0
431102,50,0,0,0,2,0,0,0,1,6,2,0,0,1,0,3,0,0,0,0,26,1,6,2,0
431201,30,0,0,0,1,0,0,0,0,3,6,0,0,1,6,2,0,0,0,0,1,1,7,2,0
431202,81,0,0,0,0,0,0,0,0,13,7,0,1,2,8,1,1,0,0,1,33,2,6,5,1
431301,77,0,0,0,0,0,0,0,0,18,6,1,1,0,1,4,2,0,0,3,10,3,19,7,1
431302,68,0,0,0,0,1,0,0,0,12,6,1,0,1,2,2,1,0,0,1,7,3,18,11,0
431401,51,0,0,0,3,0,0,0,0,9,1,0,1,0,6,1,2,0,0,0,13,1,7,6,1
431402,57,0,0,0,0,1,0,0,0,12,1,1,0,0,11,0,3,0,1,1,10,1,6,7,2
431501,95,0,0,0,2,0,1,2,0,8,2,0,0,0,9,2,4,0,0,7,31,5,9,7,0
431502,72,0,0,0,0,0,0,0,0,19,4,0,0,1,11,3,3,0,0,0,4,6,12,7,0
431600,38,0,0,0,0,0,0,0,0,8,1,0,0,0,2,1,2,0,0,1,9,2,6,5,1
431700,94,0,0,0,1,1,2,0,0,21,2,0,0,0,17,7,3,0,0,2,11,2,14,10,1
431801,83,0,0,0,0,0,1,0,0,17,1,0,0,2,16,5,3,0,0,3,18,2,8,3,0
431802,252,0,0,0,0,2,0,1,4,59,14,0,1,3,23,11,28,0,0,4,17,6,64,11,4
431900,272,0,0,0,0,0,1,0,2,115,20,1,1,3,14,5,5,0,0,1,12,8,70,11,1
432001,202,0,0,0,0,2,1,0,2,25,10,2,0,2,6,4,2,0,1,4,29,8,70,31,1
432002,109,0,0,0,1,1,1,1,1,30,9,1,2,0,2,4,3,0,1,4,6,3,17,18,1
432100,153,0,0,0,0,0,0,0,0,36,17,2,1,2,2,6,0,0,2,1,5,2,44,29,0
432200,132,0,0,0,0,0,0,0,1,33,4,0,0,8,2,5,5,0,0,1,4,6,25,24,1
432300,88,0,0,0,1,1,0,0,0,12,1,0,0,1,14,8,5,0,0,4,11,2,23,5,0
432400,89,0,0,0,1,0,1,0,4,11,1,0,1,1,8,2,8,0,0,7,22,4,10,4,0
432500,142,0,0,0,7,0,0,1,3,38,2,1,1,1,5,2,4,0,2,3,10,6,18,34,1
432600,136,0,0,0,1,4,3,1,9,39,5,1,0,2,4,0,3,0,1,7,9,2,6,33,0
432701,138,0,0,0,1,1,2,0,0,30,10,1,0,3,8,1,7,0,0,8,11,8,9,31,0
432702,156,0,0,0,2,1,1,1,2,44,7,0,0,2,3,7,1,0,2,4,11,15,22,27,0
432801,307,0,0,0,1,1,3,5,2,105,21,3,0,17,18,5,7,0,2,7,18,5,42,25,0
432802,146,0,0,0,0,2,1,1,0,39,3,2,0,5,13,6,4,0,1,6,19,2,26,12,0
432901,108,0,0,0,1,1,2,0,1,55,17,0,1,6,1,2,1,0,0,0,2,1,8,8,0
432902,47,0,0,0,0,1,0,0,1,9,2,0,0,1,3,0,0,0,0,1,7,2,9,6,0
433001,91,0,0,0,0,1,0,0,1,30,4,1,0,3,8,3,1,0,1,5,12,0,13,6,0
433002,34,0,0,0,0,0,0,0,0,5,2,0,0,2,2,1,0,0,0,3,2,1,14,2,0
433003,140,0,0,0,1,2,1,0,0,18,3,0,0,0,6,2,0,0,0,3,12,2,69,16,1
433100,109,0,0,0,0,3,0,0,0,17,3,0,0,0,10,3,0,0,0,2,9,5,55,0,0
433201,34,0,0,0,0,0,1,0,0,0,1,2,0,2,4,1,1,0,0,1,10,0,9,2,0
433202,10,0,0,0,0,0,0,0,0,4,0,1,0,0,1,0,0,0,1,1,0,1,0,1,0
433300,47,0,0,0,0,1,0,0,0,15,3,0,0,2,1,2,0,0,0,4,3,2,10,3,0
433400,48,0,0,0,0,0,1,1,0,16,5,0,0,1,3,1,1,0,0,0,7,3,8,1,0
433501,98,0,0,0,0,1,0,1,1,32,2,1,0,0,6,2,5,0,1,5,19,1,11,8,1
433502,33,0,0,0,0,0,0,0,0,7,0,0,0,2,3,1,0,0,1,4,7,1,3,4,0
433600,78,0,0,0,0,0,0,1,0,29,2,2,0,1,5,2,4,0,2,2,6,2,10,9,1
440100,124,0,0,0,0,2,1,0,2,38,8,0,1,1,4,5,0,0,1,2,10,7,19,22,0
450100,6,0,0,0,0,0,0,0,0,1,0,0,0,0,0,0,0,0,0,1,4,0,0,0,0
450200,112,0,0,0,0,0,1,0,0,16,6,0,0,0,10,4,2,0,0,9,25,2,22,13,1
450300,152,0,0,0,1,1,0,0,1,28,12,1,2,2,13,3,4,0,1,10,18,10,29,13,0
450400,148,0,0,0,2,0,1,0,1,18,4,0,0,0,19,2,5,0,0,5,41,4,22,18,1
450500,52,0,0,0,0,0,1,0,0,8,4,0,1,1,11,1,0,0,0,4,4,0,14,3,0
450600,52,0,0,0,1,0,0,0,2,8,5,0,0,0,2,3,0,0,0,3,9,1,13,5,0
450700,51,0,0,0,0,1,1,0,1,8,3,0,1,0,1,1,1,0,0,0,11,4,13,5,0
450801,3,0,0,0,0,0,0,0,0,0,0,0,0,0,0,0,0,0,0,0,0,2,0,1,0
450802,33,0,0,0,0,0,0,0,0,8,1,0,0,1,3,2,2,0,0,3,6,1,1,3,1
450900,80,0,0,0,0,1,0,1,0,16,5,1,1,1,7,2,0,0,0,1,6,0,29,7,0
451001,62,0,0,0,0,1,1,0,0,11,3,0,0,0,5,4,6,0,0,2,4,1,12,9,0
451002,37,0,0,0,0,0,0,0,0,5,0,0,0,3,4,1,2,0,0,0,0,1,11,5,0
451100,47,0,0,0,1,0,0,0,0,5,1,1,1,0,3,1,2,0,0,5,7,6,5,8,0
451200,16,0,0,0,0,0,0,0,0,5,0,0,0,0,0,0,0,0,0,1,2,1,1,5,1
451300,161,0,0,0,2,0,0,1,3,26,13,0,0,2,5,10,1,0,1,8,16,6,29,36,1
451401,47,0,0,0,2,0,1,0,0,5,3,1,0,1,6,1,1,0,0,3,9,2,7,5,0
451402,36,0,0,0,1,0,0,0,0,6,3,0,1,1,0,1,3,0,0,1,4,1,4,10,0
451403,34,0,0,0,0,0,0,0,0,6,0,1,1,0,4,1,0,0,0,0,3,1,11,6,0
451500,62,0,0,0,1,1,1,0,0,6,5,0,1,0,3,6,3,0,0,1,7,7,17,2,0
451601,68,0,0,0,1,0,1,0,0,12,5,0,0,1,4,1,1,0,0,4,9,1,22,5,1
451602,98,0,0,0,1,2,0,1,1,23,6,3,0,0,2,5,2,0,0,3,6,4,21,16,0
451700,121,0,0,0,1,1,0,0,3,32,15,2,0,3,7,5,1,0,0,1,13,3,18,13,0
451800,41,0,0,0,0,0,0,0,0,15,2,1,2,0,1,1,1,0,1,0,6,2,3,6,0
451901,44,0,0,0,1,0,0,0,1,3,1,1,0,0,2,0,1,0,0,1,7,0,4,18,1
451902,33,0,0,0,0,0,0,0,0,4,1,1,0,0,2,2,0,0,1,4,6,2,3,6,0
452000,117,0,0,0,0,0,1,0,1,20,7,3,1,2,3,5,1,0,0,2,16,3,33,16,0
452100,166,0,0,0,0,1,0,0,0,26,19,0,0,2,7,8,2,0,1,3,31,4,23,35,1
452201,117,0,0,0,0,1,1,0,0,14,8,0,1,3,16,5,3,0,0,4,12,4,39,3,0
452202,30,0,0,0,0,0,1,0,0,4,1,0,0,0,5,1,0,0,1,1,1,3,7,5,0
452300,59,0,0,0,0,1,0,0,0,14,1,1,0,0,8,2,0,0,0,1,7,1,18,5,0
452400,104,0,0,0,0,1,0,1,0,19,1,0,1,0,6,2,2,0,0,6,13,1,29,20,1
452500,122,0,0,0,1,1,0,0,1,26,2,0,1,2,2,5,0,0,0,8,12,2,28,29,1
452600,104,0,0,0,0,2,1,0,0,25,3,2,0,1,9,1,2,0,1,4,8,0,22,22,0
452700,143,0,0,0,0,2,2,0,0,39,5,1,0,3,3,5,2,0,0,6,12,4,37,21,0
452801,28,0,0,0,0,0,0,0,1,8,0,0,0,0,0,2,2,0,0,0,3,1,2,8,0
452802,35,0,0,0,0,3,0,0,0,7,1,0,0,0,3,2,0,0,0,0,1,1,11,5,1
452900,34,0,0,0,0,0,0,0,0,8,1,0,1,1,1,0,1,0,0,0,5,1,1,14,0
453000,163,0,0,0,0,4,1,0,2,39,2,2,0,7,7,0,5,0,1,1,5,2,42,34,0
453100,68,0,0,0,0,1,0,0,0,12,6,0,0,1,3,3,0,0,0,3,4,2,28,5,0
453200,72,0,0,0,0,3,1,0,0,20,1,0,0,2,2,1,0,0,1,2,16,2,20,1,0
453300,113,0,0,0,0,1,1,0,1,23,10,1,1,4,3,4,0,0,1,11,18,1,18,15,0
453401,22,0,0,0,0,0,0,0,0,6,1,0,0,1,1,1,0,0,0,1,3,0,6,2,0
453402,70,0,0,0,0,0,0,0,0,21,3,0,2,1,7,2,1,0,0,7,2,0,7,13,1
453403,26,0,0,0,0,0,0,0,0,7,3,0,0,1,0,2,0,0,0,1,6,1,3,2,0
453501,34,0,0,0,1,0,0,0,0,7,3,0,0,2,5,1,1,0,0,1,3,0,5,5,0
453502,37,0,0,0,0,0,0,0,1,11,3,0,0,2,1,0,0,0,0,5,5,1,4,4,0
453601,29,0,0,0,0,0,0,0,1,3,1,0,0,0,1,1,1,0,0,0,3,0,6,11,0
453602,80,0,0,0,1,1,0,1,1,16,3,0,1,2,7,1,4,0,0,3,6,1,12,20,0
453700,63,0,0,0,0,0,0,1,0,17,2,0,0,3,0,1,0,0,1,4,7,0,13,14,0
453800,21,0,0,0,0,0,0,0,0,7,0,0,1,0,0,2,0,0,0,1,1,0,2,7,0
453900,39,0,0,0,0,0,0,1,1,6,1,0,0,0,0,0,1,0,0,2,4,1,6,15,0
454000,81,0,0,0,0,0,0,0,1,16,7,2,0,0,3,6,2,0,0,3,8,4,15,14,0
454100,56,0,0,0,1,0,0,0,0,12,1,0,0,0,1,3,0,0,0,6,9,1,9,13,0
454200,9,0,0,0,0,1,0,0,0,2,0,0,0,0,0,0,0,0,0,0,1,0,3,2,0
454301,92,0,0,0,0,0,0,0,1,25,4,1,1,4,4,2,2,0,0,4,9,3,20,11,0
454302,41,0,0,0,0,0,1,0,1,9,1,0,1,1,0,0,0,0,0,3,5,2,4,13,0
454400,137,0,0,0,2,1,0,1,2,32,8,0,0,0,13,6,1,0,0,1,11,8,34,13,1
454501,135,0,0,0,0,2,0,0,0,25,8,0,1,1,5,3,2,0,0,2,39,4,26,16,1
454502,2,0,0,0,0,0,0,0,0,0,0,0,0,0,0,0,0,0,0,1,0,1,0,0,0
454600,273,0,0,0,2,0,0,3,3,45,13,0,0,3,24,9,0,0,0,5,69,13,36,44,0
454700,63,0,0,0,0,0,0,0,1,6,4,2,0,0,3,1,5,0,0,3,13,2,8,12,1
454800,117,0,0,0,0,0,0,0,2,9,8,1,0,1,7,4,0,0,1,3,23,8,31,17,0
454900,69,0,0,0,0,0,0,0,0,10,5,0,0,1,3,6,0,0,0,8,12,3,11,10,0
455000,42,0,0,0,0,0,0,0,2,7,4,0,0,0,1,1,0,0,0,0,9,3,13,2,0
455101,120,0,0,0,1,1,0,0,4,16,10,0,0,2,9,5,2,0,1,2,18,0,24,20,1
455102,58,0,0,0,0,0,0,0,0,8,1,0,0,0,6,2,0,0,0,2,16,9,7,7,0
455200,124,0,0,0,2,1,1,2,4,21,4,2,1,2,5,8,2,0,0,4,15,0,30,16,0
455300,272,0,0,0,4,2,1,0,5,50,16,1,0,3,19,5,2,0,1,3,56,10,68,25,0
510100,40,0,0,0,1,0,0,0,1,4,0,1,0,0,2,0,2,0,0,1,3,7,10,5,3
510200,196,0,0,0,0,8,0,0,1,32,30,1,1,3,7,4,3,0,0,3,14,23,46,16,2
510300,48,0,0,0,1,1,0,0,0,5,3,0,0,0,0,0,0,0,0,5,5,11,9,8,0
510400,82,0,0,0,1,1,0,0,0,10,6,1,0,0,2,0,1,0,0,1,8,9,28,14,0
510500,95,0,0,0,0,1,1,1,1,21,8,0,0,0,2,1,1,0,0,1,8,12,27,10,0
510600,196,0,0,0,0,1,0,0,0,30,11,1,3,2,5,10,7,0,0,0,26,12,67,16,0
510700,59,0,0,0,1,0,1,0,0,4,2,0,0,0,2,1,1,0,0,3,5,4,22,12,1
510800,143,0,0,0,2,1,0,2,0,19,5,2,0,2,11,3,0,0,0,3,19,24,32,18,0
510900,136,0,0,0,3,1,2,2,0,40,20,0,0,0,6,2,1,0,0,3,8,17,15,12,3
511001,52,0,0,0,2,0,0,0,4,12,3,1,0,0,3,1,1,0,0,0,6,1,14,4,0
511002,55,0,0,0,1,0,0,0,0,8,0,0,0,0,5,2,1,0,0,1,3,7,6,14,1
511100,146,0,0,0,0,1,1,1,2,16,6,1,1,0,7,4,3,0,1,3,58,4,20,15,2
511200,67,0,0,0,0,2,1,0,0,12,4,0,0,0,1,1,3,0,1,1,5,5,15,14,0
511301,205,0,0,0,2,2,0,1,3,35,21,1,1,2,8,10,2,0,0,6,20,16,46,27,0
511302,94,0,0,0,0,0,2,0,0,7,10,1,0,2,2,5,2,0,0,5,14,4,15,25,0
511400,47,0,0,0,0,0,0,0,0,4,3,0,0,0,2,1,0,0,0,1,0,6,18,11,1
511500,235,0,0,0,2,2,1,1,2,34,17,2,0,6,7,3,7,0,1,4,35,16,42,49,0
511600,66,0,0,0,0,1,0,0,1,21,3,0,1,0,4,1,0,0,0,3,2,3,15,11,0
520100,84,0,0,0,2,1,0,1,3,14,9,0,1,3,1,2,0,0,0,3,10,6,23,3,1
520200,46,0,0,0,0,1,0,0,0,10,4,0,0,0,1,4,3,0,0,0,1,5,2,8,0
520300,52,0,0,0,1,0,0,0,1,7,3,0,0,0,7,2,1,0,0,5,7,4,5,8,0
520400,89,0,0,0,4,1,1,1,0,27,3,0,0,2,4,0,0,0,0,3,10,1,16,12,0
520500,298,0,0,0,13,2,11,8,11,82,22,1,1,7,9,12,7,0,1,14,15,6,46,28,1
520601,37,0,0,0,0,1,1,1,1,10,2,0,1,1,4,2,1,0,0,2,1,1,3,5,0
520602,57,0,0,0,0,0,0,0,0,16,4,0,1,3,2,5,1,0,1,1,4,0,11,6,1
520700,100,0,0,0,1,0,0,1,1,26,4,0,0,4,7,3,1,0,0,5,11,5,18,13,0
521000,91,0,0,0,0,1,0,0,0,19,2,0,0,1,10,2,4,0,0,3,9,5,12,20,0
521100,22,0,0,0,0,0,0,0,0,6,1,0,0,0,2,0,0,0,0,1,2,0,4,5,0
521200,75,0,0,0,0,0,0,2,3,18,2,0,0,1,4,3,2,0,1,1,17,2,7,11,1
521300,87,0,0,0,5,1,0,0,0,17,5,1,1,3,5,3,2,0,0,5,9,2,13,15,0
521400,32,0,0,0,1,0,2,0,0,5,2,2,0,0,0,1,1,0,0,3,2,2,6,5,0
521500,37,0,0,0,0,1,0,0,0,13,1,0,0,1,0,3,1,0,0,2,2,1,7,5,0
521600,88,0,0,0,4,0,1,2,8,30,8,0,1,1,2,1,0,0,5,1,2,3,3,13,2
521700,199,0,0,0,4,1,1,1,8,40,5,1,1,3,19,12,7,0,0,4,22,5,41,22,1
521800,80,0,0,0,3,1,0,0,8,21,1,4,0,0,0,2,0,0,2,3,7,1,12,13,0
521900,68,0,0,0,0,0,0,0,0,12,3,0,0,3,5,3,2,0,0,3,7,3,22,5,0
522000,19,0,0,0,0,0,0,0,0,5,1,0,0,0,3,1,0,0,0,2,1,1,1,4,0
522100,50,0,0,0,0,0,0,0,0,7,1,0,0,2,3,1,0,0,0,2,10,4,7,8,1
522201,71,0,0,0,1,0,1,0,0,11,2,0,0,4,4,2,0,0,0,3,11,3,15,10,1
522202,44,0,0,0,0,1,0,0,0,6,1,0,0,2,2,0,0,0,1,3,3,2,14,9,0
522301,86,0,0,0,0,2,0,1,2,20,7,0,1,0,1,1,1,0,0,2,13,3,18,14,0
522302,97,0,0,0,0,0,0,0,1,20,5,0,0,4,7,1,0,0,0,3,9,0,26,17,1
522401,118,0,0,0,0,1,0,0,0,22,11,0,1,3,9,5,4,0,2,5,15,1,23,16,0
522402,97,0,0,0,1,1,1,1,4,18,12,0,0,5,7,1,0,0,1,9,10,5,11,9,1
522500,104,0,0,0,0,0,0,0,0,11,5,0,0,1,9,1,2,0,0,12,35,8,8,11,1
530100,129,0,0,0,1,0,0,2,0,21,8,2,1,5,11,4,2,0,0,5,23,2,29,9,4
530200,184,0,0,0,0,0,0,2,2,28,13,0,2,1,11,0,7,0,1,7,22,14,43,29,0
530300,42,0,0,0,0,1,0,0,0,8,0,0,0,1,0,4,0,0,0,2,7,2,0,17,0
530400,47,0,0,0,1,0,0,0,0,16,6,0,0,1,1,1,1,0,1,1,4,1,3,10,0
530500,40,0,0,0,1,1,0,0,0,9,1,1,0,0,4,1,0,0,0,2,6,3,5,6,0
530600,101,0,0,0,5,4,0,0,0,30,3,4,0,0,3,1,1,0,0,1,11,2,9,24,1
530700,110,0,0,0,5,1,0,2,0,39,4,1,0,3,2,0,0,0,0,1,20,2,11,13,1
530800,82,0,0,0,1,0,0,1,0,20,6,0,0,0,0,0,1,0,0,5,5,0,8,35,0
530900,44,0,0,0,0,1,0,0,0,12,3,0,0,0,1,4,0,0,0,3,8,1,6,3,0
531000,43,0,0,0,0,4,0,1,0,2,2,0,0,0,3,1,3,0,0,3,6,4,6,8,0
531100,36,0,0,0,0,0,0,0,1,8,4,0,1,2,2,0,0,0,0,2,4,2,4,5,0
531200,19,0,0,0,0,0,0,0,0,2,0,1,0,0,1,1,0,0,0,1,2,3,1,5,1
531300,83,0,0,0,2,0,2,1,1,18,10,0,1,3,4,3,2,0,0,1,9,2,9,15,0
531400,8,0,0,0,1,0,0,0,1,0,0,0,0,0,1,0,0,0,0,2,1,0,1,1,0
531500,59,0,0,0,1,0,0,1,0,18,1,0,1,2,1,3,1,0,0,0,2,1,17,9,0
531600,34,0,0,0,2,0,0,1,1,9,1,0,0,0,0,0,2,0,0,3,2,0,1,11,0
531700,44,0,0,0,1,0,0,0,1,10,3,1,0,0,2,2,0,0,1,1,5,1,7,8,0
531800,23,0,0,0,0,0,0,0,1,5,2,0,0,0,0,0,0,0,0,0,4,0,0,11,0
531900,33,0,0,0,1,0,0,0,0,10,1,0,0,0,1,0,0,0,0,1,1,1,5,12,0
532001,56,0,0,0,0,0,0,1,0,7,4,0,0,1,1,1,5,0,0,4,8,3,11,9,1
532002,1,0,0,0,0,0,0,0,0,0,0,0,0,0,0,0,0,0,0,0,0,0,0,1,0
532100,61,0,0,0,1,0,0,0,0,11,4,1,0,5,4,1,3,0,0,2,2,4,15,8,0
532200,15,0,0,0,1,0,0,0,1,5,2,0,0,2,0,0,0,0,0,0,1,1,2,0,0
532300,186,0,0,0,0,0,0,2,6,43,13,0,0,6,17,8,5,0,0,8,12,4,41,20,1
532400,66,0,0,0,1,0,0,0,1,16,3,1,1,1,2,1,1,0,0,2,3,2,9,21,1
532501,26,0,0,0,2,0,0,0,2,6,1,0,0,0,0,0,0,0,0,0,1,2,6,6,0
532502,26,0,0,0,1,0,0,0,0,5,0,0,0,1,2,0,0,0,1,2,1,0,7,6,0
532600,39,0,0,0,0,0,0,1,0,9,2,0,0,3,2,1,0,0,0,1,5,1,5,9,0
532700,21,0,0,0,1,0,0,1,0,6,0,0,0,1,0,0,0,0,1,1,3,2,1,4,0
532800,41,0,0,0,1,0,0,0,1,13,2,1,0,2,1,2,2,0,0,2,5,0,6,3,0
532900,24,0,0,0,1,0,0,0,0,6,2,0,0,0,0,0,1,0,0,1,4,0,4,5,0
533000,14,0,0,0,0,0,0,0,0,4,0,1,0,0,0,0,0,0,0,3,2,0,0,4,0
533100,27,0,0,0,0,0,1,0,2,7,1,0,1,1,0,0,0,0,0,9,0,0,0,4,1
533200,29,0,0,0,2,0,0,0,0,5,2,0,0,0,0,0,0,0,0,5,1,4,1,8,1
533300,79,0,0,0,2,0,0,0,0,21,1,1,3,1,3,0,2,0,2,4,7,1,11,19,0
533400,58,0,0,0,2,0,0,0,0,13,5,0,0,1,1,0,1,0,2,3,2,2,6,18,0
533500,66,0,0,0,0,0,0,0,1,17,3,0,0,2,1,4,2,0,1,2,6,1,10,9,2
533600,66,0,0,0,2,0,0,1,2,20,7,0,1,2,1,5,0,0,0,0,3,1,11,9,0
533701,87,0,0,0,2,0,2,0,0,18,5,1,2,4,10,7,2,0,0,2,8,0,22,1,0
533702,28,0,0,0,1,0,0,0,0,4,1,0,0,3,0,1,0,0,0,1,2,0,9,4,0
533801,73,0,0,0,3,0,0,1,0,27,3,0,1,4,1,1,0,0,1,2,5,1,8,12,1
533802,71,0,0,0,3,0,1,0,3,20,2,2,0,2,0,1,2,0,1,2,4,1,12,15,0
533901,63,0,0,0,1,0,0,0,1,14,3,0,0,3,3,2,2,0,1,2,4,0,21,6,0
533902,59,0,0,0,1,2,0,0,0,14,1,0,2,2,3,0,0,0,0,4,5,0,12,12,0
534001,67,0,0,0,0,0,0,0,0,16,2,2,1,0,3,1,2,0,0,0,2,0,11,26,0
534002,33,0,0,0,0,0,0,0,1,9,4,0,0,1,1,1,0,0,0,1,2,1,9,3,0
534003,21,0,0,0,0,1,0,0,1,7,2,0,0,0,0,1,0,0,0,0,0,1,6,1,1
534100,65,0,0,0,4,0,0,3,0,15,1,2,0,0,1,2,0,0,2,1,4,2,14,14,0
534201,46,0,0,0,3,0,0,0,1,13,1,0,0,1,4,1,0,0,1,1,7,1,10,2,0
534202,46,0,0,0,0,0,0,0,1,15,3,1,0,0,0,1,2,0,0,1,1,1,12,8,0
534203,85,0,0,0,1,1,0,1,7,20,8,1,2,3,4,1,6,0,2,1,6,5,8,8,0
540100,248,0,0,0,11,1,0,11,23,66,12,2,3,3,4,4,0,0,3,5,12,8,47,29,1
540200,37,0,0,0,0,1,1,1,0,11,0,1,1,0,0,2,0,0,1,1,4,0,4,8,1
540501,150,0,0,0,1,1,0,1,2,27,9,1,1,1,11,2,3,0,0,5,29,2,22,29,1
540502,11,0,0,0,0,0,0,1,1,2,1,0,0,0,1,1,0,0,0,1,0,0,0,3,0
540601,5,0,0,0,0,0,0,0,1,1,1,1,0,0,0,0,1,0,0,0,0,0,0,0,0
540602,77,0,0,0,2,0,0,0,0,22,3,0,0,1,2,4,0,0,0,3,12,2,20,6,0
540700,41,0,0,0,0,1,0,0,0,12,5,2,0,0,1,2,1,0,0,2,1,2,3,9,0
540800,113,0,0,0,1,2,0,4,2,28,14,2,0,2,1,2,0,0,0,5,6,2,31,10,0
540901,12,0,0,0,0,0,0,0,0,5,0,0,0,0,0,1,0,0,0,3,1,0,0,2,0
540902,205,0,0,0,1,3,0,1,3,28,12,0,0,1,8,10,7,0,0,2,18,17,45,47,1
541001,73,0,0,0,0,0,0,0,1,14,1,3,1,0,3,0,2,0,1,3,29,1,10,4,0
541002,40,0,0,0,1,0,1,0,0,5,3,0,0,0,2,0,1,0,0,2,9,2,6,8,0
541003,88,0,0,0,0,1,0,0,1,15,5,1,1,0,4,3,1,0,0,2,15,7,22,10,0
541100,41,0,0,0,0,0,0,0,1,6,2,0,0,0,1,0,0,0,0,7,9,4,5,6,0
541201,77,0,0,0,0,1,0,1,0,7,3,0,1,0,4,3,0,0,0,6,17,5,16,13,0
541202,28,0,0,0,0,0,0,0,1,6,0,0,0,0,2,1,3,0,0,0,4,0,7,4,0
541203,60,0,0,0,0,1,0,0,2,7,8,0,0,0,7,1,0,0,0,1,13,0,6,13,0
541300,147,0,0,0,1,1,0,0,2,44,15,0,0,4,9,5,2,0,0,4,8,3,30,18,0
541400,63,0,0,0,1,0,1,0,1,8,2,0,0,4,0,3,1,0,0,1,10,0,26,5,0
541500,60,0,0,0,0,0,2,0,2,16,3,0,0,0,0,0,0,0,0,2,9,0,11,14,0
541601,15,0,0,0,0,0,0,0,0,7,0,0,0,0,1,1,0,0,0,1,1,1,1,2,0
541602,88,0,0,0,1,1,0,1,1,12,6,2,0,1,1,5,1,0,0,3,13,5,20,15,0
541700,191,0,0,0,5,0,3,2,4,35,9,4,3,3,10,4,5,0,1,4,23,13,39,20,2
541800,151,0,0,0,1,0,0,0,1,34,7,0,1,2,5,7,1,0,0,4,33,9,28,17,0
541900,47,0,0,0,1,0,0,0,0,13,3,0,0,0,1,2,1,0,0,5,4,5,7,5,0
542000,108,0,0,0,1,1,0,1,2,22,8,0,0,5,7,1,3,0,1,2,6,4,29,15,0
542101,106,0,0,0,2,2,0,0,1,23,6,0,0,1,2,2,1,0,1,7,10,7,22,19,0
542102,84,0,0,0,0,0,1,0,1,22,5,1,0,2,4,3,0,0,0,3,6,2,21,13,0
542200,68,0,0,0,1,0,0,0,1,12,1,1,3,2,3,4,1,0,0,5,7,2,17,8,0
542301,100,0,0,0,1,2,1,0,1,20,4,3,2,1,2,2,2,0,0,7,7,4,21,18,1
542302,71,0,0,0,3,2,0,0,0,11,4,0,0,1,0,2,2,0,0,6,8,3,18,10,1
542400,224,0,0,0,3,3,3,3,4,35,14,0,2,2,9,8,3,0,0,8,21,6,70,26,0
542500,72,0,0,0,1,1,0,0,4,10,8,0,0,1,0,2,0,0,0,2,1,1,35,5,1
542600,96,0,0,0,1,0,0,0,0,12,6,0,0,0,0,3,1,0,0,2,54,1,12,4,0
542700,174,0,0,0,4,2,0,0,3,23,16,0,1,0,16,4,2,0,0,13,27,12,13,38,0
542800,18,0,0,0,0,0,0,0,2,0,1,0,0,1,0,0,0,0,0,2,2,4,1,4,1
542900,163,0,0,0,4,1,2,0,3,40,10,0,2,1,5,10,2,0,0,2,13,13,36,19,0
543001,54,0,0,0,2,0,0,0,2,5,0,0,1,2,3,3,1,0,0,4,9,2,10,10,0
543002,263,0,0,0,0,5,0,0,3,49,15,1,0,5,9,9,3,0,0,13,36,25,62,26,1
543003,96,0,0,0,0,0,0,1,2,26,5,0,0,2,4,2,2,0,0,0,9,1,35,6,1
543100,17,0,0,0,2,0,0,0,0,1,1,0,1,0,0,0,0,0,0,1,2,4,1,3,1
543200,245,0,0,0,10,3,2,2,8,49,15,3,0,1,18,8,4,0,2,9,37,13,26,32,1
550100,84,0,0,0,0,0,2,0,1,25,2,2,2,6,6,4,5,0,0,2,10,0,11,5,1
550200,17,0,0,0,0,0,0,0,0,6,1,0,0,0,0,0,0,0,0,4,0,2,4,0,0
550301,85,0,0,0,0,0,1,2,2,19,2,1,0,2,5,2,1,0,1,6,6,4,23,6,0
550302,188,0,0,0,1,2,0,1,3,42,9,0,0,2,6,5,3,0,0,10,35,4,40,25,0
550401,102,0,0,0,1,0,1,0,0,18,5,0,0,2,11,5,2,0,2,3,15,2,16,18,0
550402,62,0,0,0,0,0,1,0,0,15,3,0,2,0,0,4,1,0,1,7,7,2,9,9,1
550500,41,0,0,0,1,0,0,1,1,8,1,0,3,0,0,0,1,0,0,3,4,0,6,12,0
550601,12,0,0,0,1,0,0,0,0,1,0,0,1,0,0,0,0,0,0,2,4,0,2,0,1
550602,33,0,0,0,0,0,0,0,0,14,1,0,0,2,0,0,0,0,0,1,3,0,9,3,0
550603,58,0,0,0,0,0,0,0,0,20,2,0,0,0,0,4,1,0,0,1,6,0,16,7,0
550700,41,0,0,0,0,0,0,0,1,18,2,0,2,0,1,3,2,0,0,1,4,0,4,3,0
550800,58,0,0,0,1,0,0,0,0,17,0,0,1,4,1,0,0,0,0,1,4,0,14,15,0
550900,40,0,0,0,0,0,0,0,0,8,0,0,0,3,4,1,2,0,1,4,3,0,7,7,0
551000,43,0,0,0,1,0,1,0,0,12,1,4,1,0,0,3,1,0,0,1,4,1,8,5,0
551100,177,0,0,0,2,4,0,1,2,36,6,0,2,1,10,7,4,0,0,5,41,5,24,24,0
551200,123,0,0,0,1,2,0,1,1,19,16,0,0,3,3,3,2,0,0,8,13,6,25,20,0
551300,8,0,0,0,0,0,0,0,0,3,0,0,0,0,0,0,0,0,0,1,1,0,1,2,0
551400,224,0,0,0,11,3,0,6,2,53,14,3,0,3,10,7,5,0,1,1,20,7,36,41,0
551500,193,0,0,1,4,2,1,7,1,45,18,1,2,2,3,5,3,0,0,4,10,4,56,21,0
551600,82,0,0,0,1,0,0,1,0,17,9,1,0,0,5,3,0,0,0,1,12,2,14,16,0
551701,66,0,0,0,1,1,0,0,0,18,5,0,0,0,1,3,0,0,0,4,4,6,11,10,0
551702,21,0,0,0,0,0,0,0,0,0,2,0,0,2,1,2,0,0,0,2,3,0,7,2,0
551703,45,0,0,0,0,0,0,0,0,10,0,0,1,0,4,2,1,0,1,1,5,0,16,4,0
551800,92,0,0,0,0,2,1,0,1,16,5,0,0,1,9,8,3,0,0,2,14,8,15,7,0
551900,58,0,0,0,0,0,0,0,0,17,3,3,0,0,2,3,0,0,0,2,3,3,12,9,0
552001,145,0,0,0,1,1,0,0,3,17,8,1,1,0,8,6,0,0,0,4,47,3,32,9,2
552002,73,0,0,0,1,0,0,0,0,18,4,0,1,1,2,4,0,0,0,1,5,2,29,5,0
552101,81,0,0,0,2,0,0,0,1,15,2,1,1,0,5,3,3,0,0,1,13,5,20,9,0
552102,14,0,0,0,0,0,0,0,0,4,0,0,0,0,1,0,0,0,0,1,2,1,3,2,0
552103,18,0,0,0,1,0,0,0,0,5,1,0,0,0,0,0,0,0,0,0,2,0,4,5,0
552200,180,0,0,0,0,0,2,4,4,32,8,1,0,1,11,10,1,0,1,5,21,13,37,25,1
552301,38,0,0,0,0,0,0,0,0,10,2,0,0,0,2,2,0,0,0,1,3,4,7,7,0
552302,70,0,0,0,1,0,2,1,0,8,6,0,0,2,1,5,2,0,0,1,13,4,18,6,0
552400,146,0,0,0,2,0,1,1,2,29,12,1,1,2,8,4,2,0,2,2,29,1,24,22,1
552500,167,0,0,0,4,1,0,1,2,39,12,1,0,5,4,6,2,0,1,2,13,1,36,36,1
552601,85,0,0,0,1,0,1,0,2,17,8,1,1,2,3,3,3,0,0,5,18,5,10,4,1
552602,82,0,0,0,0,1,0,0,0,9,5,0,0,3,0,5,6,0,0,4,14,6,18,10,1
552700,167,0,0,0,1,0,1,0,0,35,7,0,0,2,5,3,4,0,0,2,48,5,32,19,2
552800,101,0,0,0,1,0,0,0,1,23,3,0,0,0,7,1,4,0,0,6,25,6,17,7,0
552900,127,0,0,0,2,0,0,0,2,30,9,0,2,0,8,5,4,0,0,3,22,2,20,17,0
553001,95,0,0,0,0,1,0,0,2,17,1,0,0,0,8,3,3,0,0,6,18,5,18,11,2
553002,47,0,0,0,1,0,0,0,0,14,1,0,1,0,0,2,1,0,0,0,3,2,10,12,0
553100,89,0,0,0,0,1,0,0,1,25,5,0,0,2,3,3,2,0,1,5,8,2,17,14,0
553200,139,0,0,0,0,0,1,1,0,23,7,1,1,2,2,0,4,0,0,3,71,2,14,7,0
553300,79,0,0,0,1,0,0,0,0,24,5,2,1,4,0,2,0,0,1,1,16,2,13,7,0
553401,52,0,0,0,0,0,0,2,2,13,6,1,0,0,1,3,0,0,0,2,3,5,6,7,0
553402,63,0,0,0,0,0,0,0,1,11,4,0,1,1,1,2,2,0,0,3,9,5,14,9,0
553403,187,0,0,0,2,1,1,1,5,46,11,0,2,2,4,9,2,0,2,4,6,5,53,29,0
553500,44,0,0,0,0,0,0,0,1,9,2,0,0,3,0,1,2,0,0,2,5,1,11,6,1
553600,99,0,0,0,2,1,0,0,1,11,6,0,0,0,5,3,2,0,1,9,18,6,17,17,0
553700,113,0,0,0,1,2,0,0,0,18,2,0,0,3,6,20,2,0,0,4,18,7,19,9,1
553801,70,0,0,0,1,0,0,0,0,16,3,0,0,0,4,2,0,0,0,2,4,0,10,28,0
553802,81,0,0,0,1,2,1,1,3,12,8,1,0,0,6,3,1,0,0,2,9,2,14,15,0
553900,108,0,0,0,0,1,0,0,1,25,6,1,0,1,4,4,1,0,0,3,10,6,33,11,0
554001,94,0,0,0,2,0,0,0,0,13,5,0,0,1,11,3,0,0,0,7,10,3,10,24,2
554002,48,0,0,0,2,0,0,0,0,6,1,0,0,0,2,8,2,0,0,1,7,1,4,13,0
554101,18,0,0,0,1,1,0,0,0,5,4,0,0,0,2,1,0,0,0,0,1,1,2,0,0
554102,58,0,0,0,0,1,1,1,1,7,4,0,1,0,1,1,2,0,0,4,11,1,10,11,1
554200,269,0,0,0,2,4,3,1,3,49,11,0,1,2,12,11,0,0,0,3,35,15,69,44,0
554301,42,0,0,0,0,0,0,0,1,9,2,0,0,1,3,1,3,0,1,5,5,3,2,5,1
554302,35,0,0,0,0,0,0,0,0,6,1,0,0,1,3,1,0,0,0,6,5,3,7,2,0
554401,108,0,0,0,1,0,1,0,2,20,6,0,1,0,6,2,2,0,0,6,14,11,21,15,0
554402,175,0,0,0,3,2,0,1,2,23,14,0,0,2,9,9,2,0,0,6,20,12,54,16,0
554403,56,0,0,0,0,1,0,0,0,13,4,1,0,1,2,2,2,0,0,0,6,3,14,6,1
554501,51,0,0,0,0,2,0,0,0,8,0,1,0,0,3,1,1,0,0,1,7,8,5,14,0
554502,15,0,0,0,1,0,1,0,0,3,0,0,0,0,0,1,0,0,0,2,0,0,4,3,0
554600,107,0,0,0,1,0,0,0,1,16,7,0,0,0,8,2,3,0,1,3,12,7,25,13,0
554700,152,0,0,0,1,1,1,0,1,23,15,0,1,1,11,5,3,0,0,3,26,5,32,20,0
554801,83,1,0,0,1,0,0,1,2,20,3,0,1,2,4,3,1,0,0,3,10,5,13,12,1
554802,127,0,0,0,0,1,0,2,3,18,11,1,0,2,9,2,1,0,1,8,16,13,18,20,1
554901,83,0,0,0,1,0,0,0,1,19,3,0,2,0,4,4,0,0,0,4,15,3,16,10,1
554902,199,0,0,0,0,0,0,1,2,31,18,0,1,5,14,18,2,0,0,7,14,8,56,21,1
554903,151,0,0,0,0,0,2,0,3,25,3,1,0,2,10,1,3,0,0,5,28,10,30,27,1
555000,103,0,0,0,0,1,0,1,5,20,2,0,0,1,9,5,0,0,0,6,10,5,21,13,0
555100,132,0,0,0,1,1,0,0,1,27,11,1,0,1,7,3,2,0,1,2,19,4,33,17,0
555200,71,0,0,0,1,0,0,0,0,19,5,0,0,1,1,1,1,0,0,3,9,3,22,5,0
555301,18,0,0,0,0,0,0,0,0,9,0,1,0,0,1,1,0,0,0,0,3,2,0,1,0
555302,165,0,0,0,1,3,0,0,5,24,4,0,0,1,7,7,2,0,0,9,23,30,34,14,1
555303,72,0,0,0,0,0,0,0,1,11,3,0,0,2,2,1,1,0,2,4,4,13,11,17,0
555401,75,0,0,0,1,0,0,2,1,20,4,0,0,0,1,1,1,0,0,2,6,6,11,19,0
555402,318,0,0,0,3,1,1,1,1,46,26,1,1,2,18,10,6,0,1,9,103,11,44,30,3
555501,223,0,0,0,2,0,1,1,3,51,21,0,1,6,11,8,2,0,1,6,18,9,56,25,0
555502,160,0,0,0,3,1,0,3,4,33,12,3,2,2,9,3,2,0,0,10,17,9,19,24,1
555600,64,0,0,0,2,0,0,1,3,16,4,0,0,0,0,2,0,0,0,2,2,7,7,17,1
555701,96,0,0,0,2,0,0,0,1,15,6,0,1,1,4,5,1,0,0,0,25,4,20,10,1
555702,220,0,0,0,0,2,1,0,1,115,12,0,0,0,4,5,1,0,0,4,9,7,47,12,0
556000,101,0,0,0,3,0,1,0,4,24,5,2,1,1,3,4,4,0,0,4,3,4,23,14,1
980000,2,0,0,0,0,0,0,0,0,0,0,2,0,0,0,0,0,0,0,0,0,0,0,0,0
980100,18,0,0,0,0,0,0,0,0,3,0,5,0,0,0,0,0,0,0,0,0,0,10,0,0
